Date,Open,High,Low,Close,Volume,Market Cap
Sep-22-2022,0.09783299804134658,0.09869763495683724,0.09102578678479847,0.09189325886871004,910243.359375,63076113.750467926
Sep-21-2022,0.0944021720129748,0.09878521499231724,0.09341128082708108,0.09783299804134658,1548949.1660958903,64178826.46646409
Sep-20-2022,0.08658944826977955,0.09728087387448688,0.08316196450495793,0.09421331527129634,1487562.7977178423,61344423.04279734
Sep-19-2022,0.09041020142729096,0.0909,0.08091581566684473,0.08658944826977955,1567330.8780864198,58368918.02105654
Sep-18-2022,0.09984409336027888,0.10031050704909455,0.08987881882183395,0.09041020142729096,1259491.6512008733,62738578.83508452
Sep-17-2022,0.1046027376783326,0.10494562094926452,0.0986892851844984,0.09984409336027888,948616.1818181818,68009335.9684375
Sep-16-2022,0.10616058392385971,0.11086094994564416,0.10387798985386588,0.10433418295520674,1482735.050531915,70351538.62460715
Sep-15-2022,0.10954184648957808,0.11580098649180928,0.10505335019204544,0.10616058392385971,1705813.302662037,73180206.1465337
Sep-14-2022,0.11295421655075882,0.11677308916963282,0.10859457116257054,0.10954184648957808,2096398.045940171,74122247.89516783
Sep-13-2022,0.1100313778707128,0.11945434121450894,0.10936229690072106,0.11295421655075882,1420410.6478310502,75266903.53871907
Sep-12-2022,0.11378645429168063,0.11946240870556836,0.10827456486412164,0.10980067713052002,911857.2274159663,75672542.75740615
Sep-11-2022,0.12515513082607124,0.12540514596309413,0.1127730247931924,0.11378645429168063,765714.6073369565,81099686.82907382
Sep-10-2022,0.12656334217696028,0.12785633327876275,0.12397047848573815,0.1251489813667838,1082532.333515284,83135911.20338933
Sep-09-2022,0.12416327762720449,0.12773443037398705,0.12185935688393226,0.12660385595927812,1133828.4789772728,83537904.85086283
Sep-08-2022,0.12986161574744562,0.13010028303744017,0.12001032459949544,0.12416327762720449,1463624.3064159292,83786126.66900612
Sep-07-2022,0.1234333404862556,0.1301914431521966,0.1234333404862556,0.1299741021902711,1620062.5143034826,83549790.18781026
Sep-06-2022,0.11137951080168472,0.12372584976461852,0.1055627986828878,0.12372584976461852,2123254.542012448,73281477.73054935
Sep-05-2022,0.12897499239188573,0.1367774684032315,0.10653629424931316,0.11085732912596576,1550006.311627907,84162026.34431525
Sep-04-2022,0.12097464263316156,0.13353193741130648,0.12097464263316156,0.12897499239188573,1219210.1323242188,84513167.67629617
Sep-03-2022,0.12678945883442322,0.12945369368158738,0.1182871808921384,0.12097464263316156,1419418.1899350649,81791794.6557677
Sep-02-2022,0.11957114704043396,0.13491430855927403,0.1186427852349812,0.12678945883442322,1924125.8336956522,83619919.87443295
Sep-01-2022,0.11735556156082086,0.1197913928987966,0.11261080893096892,0.11957114704043396,1126481.6815159575,76927138.05254848
Aug-31-2022,0.1163985743390839,0.12201390117898536,0.11556434110303708,0.11732380882430236,1340871.8760964912,78338907.19167487
Aug-30-2022,0.11021087254435952,0.11726502924358796,0.1075963918871855,0.11638105282549736,1191404.743888889,74647254.99461897
Aug-29-2022,0.10288575742757136,0.1260742540631836,0.10258837773893462,0.10948393301193383,867860.7741416309,73135819.37680434
Aug-28-2022,0.0982584449607435,0.1030755219233457,0.09634565398481695,0.10290307998778526,477490.7296686747,66779934.0186239
Aug-27-2022,0.10145678025782036,0.10348505747555845,0.09774405694225234,0.0982584449607435,378665.18023858924,67150598.3878813
Aug-26-2022,0.10130794172726128,0.10382790188709984,0.09678624089602668,0.10142562188448796,561281.881617647,67731534.51362662
Aug-25-2022,0.1125914441552325,0.11522040401421912,0.10100904499541367,0.10130794172726128,782632.2709134616,72065636.84419578
Aug-24-2022,0.10513614084108336,0.11516153005248823,0.10513614084108336,0.11284353095814852,884167.379118217,72753306.69345118
Aug-23-2022,0.10111703455770592,0.11189523302330612,0.10067743678585536,0.1049196168621188,769008.4916834678,70634238.60091075
Aug-22-2022,0.0997227455645978,0.10397198956906407,0.09758614470097952,0.10085933703330752,488099.0940148305,66861373.38233412
Aug-21-2022,0.10023909322096863,0.10229294005928674,0.09738038534240535,0.0997227455645978,657671.7653162056,66193049.44398766
Aug-20-2022,0.10318140881253396,0.10455894242998744,0.0964135899025679,0.10024604315738936,749575.128101145,67088659.13888036
Aug-19-2022,0.1089926855160872,0.11097289866721144,0.10284544055475742,0.10318140881253396,742398.5916353384,71124605.58117504
Aug-18-2022,0.11330499037276752,0.11725775619081535,0.10376391933590497,0.10986729451623442,1193579.576818182,74377664.63406564
Aug-17-2022,0.09970375527061497,0.11741665076539368,0.09956218108821334,0.11353315036175891,759549.0292091836,72488560.10617514
Aug-16-2022,0.10230676289574858,0.1028687115450394,0.09933009215767746,0.09954887335261632,651869.5147679325,67269437.485352
Aug-15-2022,0.11426326600436391,0.114462825590164,0.1003810575238486,0.10251231954587596,660361.0179324894,70972329.0845964
Aug-14-2022,0.1268351979855632,0.1268351979855632,0.1097851080136868,0.1145296713145654,584324.7143397178,76574383.85309161
Aug-13-2022,0.11891834212046552,0.12854716132518268,0.11235982735426858,0.1268351979855632,857987.5058740601,78536978.01530084
Aug-12-2022,0.12643800637355834,0.13442413211420465,0.1151728801180257,0.11891834212046552,1206096.975,82529994.52264877
Aug-11-2022,0.1310191725514063,0.14897488593344493,0.12474220207019254,0.1260070274722223,1120159.9270019531,88000153.63308872
Aug-10-2022,0.13532369414973217,0.1680654901013172,0.1274593933537098,0.13101771339857546,1468197.8842054263,94972063.27050178
Aug-09-2022,0.13278020775506283,0.14996776463194955,0.11421909384726377,0.13507173590969013,1562084.6509090909,86928499.0669914
Aug-08-2022,0.1544937949760351,0.16536966143250698,0.13000706884908003,0.1331856087062565,2430236.1004545456,96679900.05847469
Aug-07-2022,0.10921011096800584,0.19530145973521143,0.10708663696773944,0.15260199170429098,4052552.356643357,96226163.65245926
Aug-06-2022,0.07723831627641968,0.12258118700644524,0.07723831627641968,0.1071717688880426,1396522.8560267857,62653292.46129232
Aug-05-2022,0.07379414714497229,0.08969663279369756,0.07288436983298323,0.07684361041583478,921708.7676971327,52021817.908366464
Aug-04-2022,0.07280310977161543,0.08063548858733526,0.06841127669619688,0.07379414714497229,912589.2997262774,47692232.094635785
Aug-03-2022,0.062413141567266274,0.07998244001348831,0.06220042012279949,0.07156811307907918,724569.0303666078,45371085.07257416
Aug-02-2022,0.07276899716281483,0.07316342179580428,0.06222300650970989,0.0624151769772248,661947.1566901408,44499157.6488706
Aug-01-2022,0.06390331714520112,0.07680062610813895,0.06074681798966555,0.07228912465750835,753833.0835526315,45956430.0147371
Jul-31-2022,0.07124317992925494,0.0722388323277155,0.062007976284732674,0.06411944273965865,699524.1790069686,45216613.998623796
Jul-30-2022,0.0777861373662723,0.07861634428284456,0.07019175065062344,0.07141032441282191,640790.5580985915,49192358.85330654
Jul-29-2022,0.08025694510697551,0.08337954017556039,0.07129579043484377,0.07770552870363029,695042.0316932624,52021956.86558192
Jul-28-2022,0.08347840207252506,0.08461503188954858,0.07870400651321016,0.08039484786407358,570899.8219401041,54447266.64054034
Jul-27-2022,0.0855278041495941,0.0902852760766738,0.08203581249998168,0.0834666541766076,672399.1169704861,56104680.93770878
Jul-26-2022,0.08316318893467561,0.08855441611359108,0.08131167407139547,0.0853523400742472,613373.0298042705,56704954.81900196
Jul-25-2022,0.08671179128540255,0.08875890722005936,0.08144046459350339,0.08332014075288528,411194.61583011586,56083415.52035949
Jul-24-2022,0.09064718871834555,0.09144413762858072,0.08701236275927429,0.08701236275927429,353583.6422608303,59594128.7316745
Jul-23-2022,0.09112275603468158,0.09238116887221856,0.0890798634655047,0.09044400892465392,431495.4620053957,59950516.209724516
Jul-22-2022,0.0879396147923818,0.09264169535331676,0.08539326762943054,0.09070579680282292,517239.03540917265,59841527.899882846
Jul-21-2022,0.08806011355417602,0.09359053088457692,0.0870916521046838,0.08833806299460269,646329.2964622641,60172548.83705548
Jul-20-2022,0.09185908284628064,0.09215138218301892,0.08769759963747137,0.08806011355417602,561776.7167896678,59803987.16246049
Jul-19-2022,0.09432978699896225,0.0950553955591659,0.09128813252155615,0.09163691524055424,844880.4160305343,61250996.09812694
Jul-18-2022,0.09132070235475188,0.09655418339215724,0.08330518309503122,0.09432978699896225,962521.9457720588,58640614.87626161
Jul-17-2022,0.09434464460560373,0.10011005633916578,0.08788085116009042,0.09132070235475188,623186.9721064814,60846111.57049319
Jul-16-2022,0.09517787778173752,0.09839716197930026,0.09167327716243392,0.09419549188246634,447368.84642857144,63259128.04377557
Jul-15-2022,0.09046316115058596,0.09570099655825698,0.08986356646052557,0.09517787778173752,519200.1168181818,61674663.977074765
Jul-14-2022,0.08841865249285327,0.09410331619049314,0.08513643089554711,0.09013276865175632,510095.4443950178,58972657.14858817
Jul-13-2022,0.09252294682994944,0.09500815195724964,0.08821468974233157,0.08855750216528284,761165.2578959075,60385699.51322972
Jul-12-2022,0.09183350271023452,0.09601345399263651,0.08678793978105134,0.0923018421236241,695893.0035587188,60852339.333054796
Jul-11-2022,0.09324683715723286,0.0961410108415797,0.09057807851596428,0.09156177756510968,609050.8627192982,62024173.727475606
Jul-10-2022,0.10171806722886882,0.10198567742244632,0.09322162986718074,0.0936642923389166,621761.808745583,64935817.35831469
Jul-09-2022,0.09731506571537246,0.1052027377169548,0.09392552196897117,0.10125386589625726,467538.1426136364,66022024.325925276
Jul-08-2022,0.09455940391898209,0.09769858668603627,0.09047194556304106,0.09731506571537246,403090.36843385216,62386036.53975994
Jul-07-2022,0.09979365671661668,0.10355947586246832,0.0935435187463816,0.09555730274078925,493196.43036417325,65074130.30233991
Jul-06-2022,0.09395243206546788,0.10466698113325867,0.0910916380681528,0.09761275352974856,565966.5218867041,62866293.61937182
Jul-05-2022,0.09776757134127402,0.10467876183908607,0.09335300637608346,0.09394657953753167,494098.60116731515,64547384.66652237
Jul-04-2022,0.09884986267629164,0.10439580841977064,0.09596016529883795,0.09842759148175284,428787.6706642067,65196929.25245616
Jul-03-2022,0.10081419423088547,0.10207098111928407,0.09721038446806976,0.0983711944148175,574160.3235887097,65687302.138182476
Jul-02-2022,0.10217268234172468,0.10668527798860418,0.09842811488448212,0.10085751535446644,575385.0066254417,67723089.5751464
Jul-01-2022,0.10504435166813862,0.10976525507539084,0.10135172092937224,0.10262434565660776,712154.9107142857,68685421.99958485
Jun-30-2022,0.11478304721073142,0.11939007224905504,0.10064463221816589,0.10567288891782883,509577.03576263535,74836569.64001943
Jun-29-2022,0.1219925078457294,0.12748522705863094,0.11367371211331034,0.11478304721073142,486036.9726715686,78904438.25077562
Jun-28-2022,0.12844660964808058,0.13241633633144553,0.11955305249504544,0.1217219040261398,557687.2780761719,82759256.71536544
Jun-27-2022,0.12193767549543112,0.1287936610645128,0.11667148525755965,0.1287153638946933,324836.42089074804,81760872.88731948
Jun-26-2022,0.12278358059232151,0.12950889475900246,0.1198571847716898,0.12184058132629975,602086.2430054152,82284586.35520375
Jun-25-2022,0.12455645604150303,0.13466087465416968,0.12080666075107582,0.12233887554493206,687755.6184329711,84029781.93729953
Jun-24-2022,0.11482607015612444,0.124069861162521,0.11441055809761298,0.1235056923302667,635759.3446365248,78637949.92932378
Jun-23-2022,0.11661687337889536,0.1250751720493399,0.11340455299229182,0.11427093672503422,668548.5658482143,79320197.91155572
Jun-22-2022,0.11778475001688544,0.11993879960147807,0.11390370296961896,0.11625140796761468,779876.150599631,77759868.95176439
Jun-21-2022,0.10887376403424331,0.12157726670488204,0.10787169259674095,0.11778475001688544,587647.7873798077,77113181.98310772
Jun-20-2022,0.12160155830324848,0.1216474822524844,0.1091692334664406,0.10920084819073028,339963.109765625,77053541.971226
Jun-19-2022,0.12182157802172622,0.12454429250190088,0.1180244080869018,0.12186486120307378,302993.03285092214,80456740.53346962
Jun-18-2022,0.1231114855401274,0.12315754350069968,0.1099862857346926,0.12154035167314878,426091.45704633207,78217107.8271407
Jun-17-2022,0.130422017539938,0.13351766572888474,0.11498052548739048,0.12275839640297172,576402.757514313,82368502.27857655
Jun-16-2022,0.12605303649214192,0.13817465734972906,0.1243765556838855,0.130422017539938,927398.968011811,87165937.95109466
Jun-15-2022,0.14391328986988652,0.1502300177956119,0.12488747024045796,0.12567772383200176,837558.107,91523054.90270354
Jun-14-2022,0.13647829490551566,0.14400669980220826,0.12882791275401487,0.1436225559198146,954398.9352409638,89358149.92392012
Jun-13-2022,0.13481147177967276,0.14961995342796328,0.12455404281683394,0.13607646738574697,972023.7544820717,92928188.69159928
Jun-12-2022,0.15698508294875368,0.16002073349242046,0.12959179738827206,0.134687094470351,669282.9667207792,96567792.26473282
Jun-11-2022,0.1604452298715248,0.16114458769475526,0.15192237514218612,0.15693446039010084,855187.3609375,104438777.78145948
Jun-10-2022,0.17751396763756466,0.178503661920593,0.1506037413963306,0.1604452298715248,972731.7565376569,106653591.6631918
Jun-09-2022,0.16993304067976428,0.19923882792350128,0.1679907606150262,0.17751396763756466,1209739.8504016064,120082720.13574007
Jun-08-2022,0.15891028504755647,0.1702534305078327,0.153479374671266,0.16958044417634924,1008857.6231223176,105984261.50788553
Jun-07-2022,0.14928672941962873,0.16139445939005825,0.14253658565841304,0.15891028504755647,1072319.1513297872,100057585.15373045
Jun-06-2022,0.1446527423919461,0.14971598922851953,0.13703676419015498,0.14928672941962873,982473.0291164658,94658959.2672482
Jun-05-2022,0.1392720596763459,0.1461244588032912,0.1314530850056386,0.1449627431851387,894091.0627289377,92012235.04265891
Jun-04-2022,0.12961306563079675,0.14434727103518413,0.12613495612691544,0.13958832401174814,794082.005130597,87927358.13245289
Jun-03-2022,0.12306904036873056,0.13708192073340622,0.12248334225876947,0.129637702095431,1017297.942290146,86289082.31852885
Jun-02-2022,0.150966279479939,0.1544569497186658,0.12232919246743182,0.12331828188233132,986318.450235849,93411638.79064965
Jun-01-2022,0.1580082055255335,0.17356491766191162,0.13274316498601532,0.1516553878178577,1192641.3027272727,99706667.78950948
May-31-2022,0.17922423899908824,0.1818802903215056,0.15677034897750794,0.1580082055255335,1463671.0838068181,111993468.40565568
May-30-2022,0.16773448325177584,0.19219974841902016,0.16451942421518187,0.17809537938183254,1537955.2030109488,118099889.95444833
May-29-2022,0.16232544268870175,0.18207045906285851,0.15423119543093353,0.16734082356620433,864389.6036706349,107196980.63977826
May-28-2022,0.17073313023369885,0.17719083392038715,0.16196758241416917,0.16232544268870175,877137.9527027027,109560671.57370636
May-27-2022,0.20009615708073064,0.2009663112441824,0.16982208001092455,0.17112688008356092,833467.6887207031,122281901.42761074
May-26-2022,0.20700584583509973,0.2092697250763936,0.19998043099649887,0.19998043099649887,601839.431887755,134445779.911167
May-25-2022,0.20993093822075692,0.21393814046378448,0.20444168349801653,0.20715107183941744,961856.2047991072,138273279.98305017
May-24-2022,0.2108318038858238,0.21466793184484745,0.2035833197045324,0.20993093822075692,883696.9269480519,138535760.59532434
May-23-2022,0.21431082057874723,0.22488136091789968,0.2090161275226891,0.2108318038858238,1074219.3209080717,141288100.4211955
May-22-2022,0.2388029545647488,0.2442999123828991,0.21431082057874723,0.21431082057874723,1109622.6398346303,153146034.5549346
May-21-2022,0.2383718848034735,0.2506186111719864,0.2362688021655829,0.2388029545647488,1010828.2146966527,159952019.06154278
May-20-2022,0.21847555629538304,0.2494244270303816,0.21515162004456367,0.2382322391241634,1154529.1048306774,150134709.34007826
May-19-2022,0.24774041432786856,0.25307963840189307,0.20940733198414552,0.21879414496686836,1760150.75,153015142.8365581
May-18-2022,0.22583897618984428,0.24610626337830496,0.2060628917759277,0.24610626337830496,1175786.0719004066,144994267.4370384
May-17-2022,0.2506127215883427,0.26794521155864304,0.214628380330922,0.22685351211040136,1413620.0239583333,158370640.9775177
May-16-2022,0.2095894426909959,0.2401967916011198,0.2068247462815865,0.2401967916011198,1263989.6144153227,142287604.03993818
May-15-2022,0.23984312883242348,0.2445864302244925,0.20910417820213523,0.20910417820213523,1095260.8868577075,151076863.59407428
May-14-2022,0.28336541317549785,0.283749172849759,0.23997160501471448,0.24480475115146888,1467684.3158713693,168182948.99469158
May-13-2022,0.28429241687893686,0.2853264143149513,0.22782197043055405,0.277687202507959,1547075.2877798507,169328907.38010788
May-12-2022,0.28318261261758,0.31464534660129173,0.26356322588516384,0.2861916393402475,1563746.1506653992,195817121.23134145
May-11-2022,0.30868287115565873,0.33233140709361897,0.2801205941340648,0.28318261261758,2216674.4891732284,199157004.3265841
May-10-2022,0.3358456599266117,0.3437750769458542,0.30366186868295164,0.3094740916606402,1670362.6367827868,214592795.09320953
May-09-2022,0.3343471273571651,0.3692778421846018,0.30946125019671933,0.33643345249373074,1714342.3458498025,217802215.74235508
May-08-2022,0.369794396928187,0.3698466152491664,0.32134001847575155,0.3338520840365991,912068.3622881356,233966787.56468162
May-07-2022,0.3733552220302149,0.38891780784499547,0.3699965869528457,0.3705894986796725,1105734.6667564656,249855574.05276036
May-06-2022,0.4076481367541201,0.4186420414683933,0.37495562631184,0.3832218934299725,1079542.9629237289,265440259.14494663
May-05-2022,0.4339854453430543,0.4538898418563317,0.40272060464553416,0.40786398248666167,1662983.2605485232,280891530.0242631
May-04-2022,0.48204470777332864,0.4902848028533876,0.4270166706574575,0.4339854453430543,2732408.1480923695,295244390.2161459
May-03-2022,0.4018470211946857,0.4990299777652742,0.4015527697224221,0.4788814559858755,2476963.2065217393,283998119.3714096
May-02-2022,0.4535868594479244,0.45514189996150434,0.39858805950744447,0.400995062090927,3769056.3260456272,279022770.63526446
May-01-2022,0.4041933661941348,0.6679844376070957,0.4005573669463559,0.45580404478210207,5956516.362139918,336434269.07035524
Apr-30-2022,0.4099580078940012,0.4204678505625411,0.35783091273876133,0.4033702006141521,2037985.7689688716,257841096.748943
Apr-29-2022,0.4114806727163151,0.4386351207638575,0.4059463729890397,0.4099580078940012,2303240.781762295,273018147.06443375
Apr-28-2022,0.484895153889704,0.5274359625405862,0.404093092765952,0.4114806727163151,2051615.7245,302296245.9707144
Apr-27-2022,0.5179535152120517,0.5210332016050936,0.4790330120503344,0.4848802272860657,2233250.823814655,329610555.0386536
Apr-26-2022,0.5423107351475007,0.5481466335737524,0.5179535152120517,0.5179535152120517,3056336.566425121,356760501.0506358
Apr-25-2022,0.5335847222356471,0.5515783329273161,0.5221645242143509,0.5427786953806764,3934357.180681818,358438183.1846855
Apr-24-2022,0.5923493682938358,0.5923493682938358,0.5267140271871628,0.5324967707115514,3533365.158695652,363272719.33809954
Apr-23-2022,0.5975028449300223,0.5976183415819389,0.5642292836083812,0.5927165733412764,3686603.2879746836,381993924.5558048
Apr-22-2022,0.6152241861160775,0.6229079783317402,0.5967906708733911,0.5974640339312299,4368677.296692607,404266527.4316713
Apr-21-2022,0.6705171948912539,0.6705844268444715,0.6095862674838769,0.614867617503611,4328786.83744856,423918569.05604917
Apr-20-2022,0.6485347879606409,0.6839840504077318,0.6457630624016518,0.6711603449197476,4555830.837899543,439561592.19723094
Apr-19-2022,0.6802337922885646,0.7004318154023472,0.6397647930133625,0.6485347879606409,4620641.327510917,443769854.33906454
Apr-18-2022,0.6829055213019855,0.6949174593126057,0.6777732223411553,0.6802337922885646,4660095.207317073,456020192.89580405
Apr-17-2022,0.6972830930265977,0.7123327881725223,0.6795701379195644,0.6844087483920689,4752486.668831169,457233747.843596
Apr-16-2022,0.7590614944532348,0.7673544026248044,0.6949383926108461,0.6966848832170487,4150749.424273859,489722240.2265969
Apr-15-2022,0.7930211915637442,0.7961480531172622,0.7557486038315441,0.7590614944532348,4550890.161290322,515278983.4861486
Apr-14-2022,0.7737533330282662,0.7940526982351541,0.7685240781818258,0.7906021903830339,4952136.126609442,516544692.86348236
Apr-13-2022,0.778734223455148,0.8001228099076964,0.7697362696206973,0.7734440011991984,5416521.02764977,519807725.7796538
Apr-12-2022,0.8113518879650309,0.8239013427836274,0.7658881534753166,0.7764864499847388,5189870.2090517245,528797057.94025004
Apr-11-2022,0.853802164683843,0.853802164683843,0.7633281287485693,0.8101791388511259,5957247.720297029,523659256.145444
Apr-10-2022,0.8647633928569157,0.8734467163479103,0.8078950351512028,0.853802164683843,4013748.379411765,554970127.5946524
Apr-09-2022,0.8912109841198168,0.8912109841198168,0.8912109841198168,0.8912109841198168,3920609,589974675.4810934
Apr-08-2022,0.8544232928322213,0.902324544927873,0.8525124443579156,0.8910521621978187,3439058.0459183673,585148111.7468487
Apr-07-2022,0.8977317976701705,0.9272990900662156,0.8527006734219338,0.8527006734219338,4508952.061440678,597374934.343675
Apr-06-2022,0.8719026910241156,0.9478017067933674,0.8349522935520234,0.9167502825180932,4660596.9169921875,593593471.6921692
Apr-05-2022,0.988803183238104,0.9998714439507124,0.88124252188662,0.88124252188662,4223352.962301588,631971006.1288983
Apr-04-2022,1.0088571736984313,1.0259049270844829,0.9829329650145034,0.988803183238104,4210552.50625,664451331.2370799
Apr-03-2022,1.0722552788069624,1.1033264011391153,1.0089753897654674,1.0089753897654674,4497703.427710843,692245812.3509171
Apr-02-2022,1.0247707770096484,1.075588208594394,1.0076615101629434,1.075588208594394,3504454.2467532465,679363060.8442723
Apr-01-2022,1.0693911405004188,1.1154647867325842,1.0253155540843135,1.0296856242089647,6440779.491304348,698745137.3664938
Mar-31-2022,1.058918580395325,1.1481618612955278,1.015046135628726,1.0693911405004188,6314344.779352226,707824652.0417403
Mar-30-2022,1.1015029228665334,1.190318323060606,1.002127245776775,1.024705708987811,5854035.679282868,716607462.3967847
Mar-29-2022,1.1970887240787071,1.2293912154218627,1.0380306983635652,1.0979904931060878,9716225.798148148,770190541.6964098
Mar-28-2022,0.94343148440171,1.2713663698179898,0.9428743301495432,1.198097121636149,10870506.480988594,741377309.6686789
Mar-27-2022,0.9166503646145916,0.9799108424347128,0.9163264289538682,0.943740115580774,5397433.247,627260097.0416644
Mar-26-2022,0.8786220167610242,0.9179263177034632,0.8786220167610242,0.9167407176609774,3591249.118942731,593061988.5825055
Mar-25-2022,0.8308214993189088,0.8770354359580219,0.8254918550829478,0.8768616455850351,4979924.711111112,561367478.4078052
Mar-24-2022,0.7942766423109603,0.8690160975138275,0.7826919025690253,0.8276926607555856,3459974.6653846153,538391582.04015
Mar-23-2022,0.7775853628526743,0.8045230759150519,0.7692484876400902,0.7942766423109603,2883270.013104839,519614921.6752537
Mar-22-2022,0.7775801941508602,0.801765301661397,0.7696924956482325,0.7776382514711326,2624590.665217391,520384945.9138965
Mar-21-2022,0.7952267964986419,0.7983960095094251,0.7626573131566171,0.7753891477666774,2367264.1656118142,516445722.23826224
Mar-20-2022,0.7812454403583283,0.7999879084635572,0.7567875711447808,0.7948832372733081,1808821.319021739,514937394.30364245
Mar-19-2022,0.7607999466460991,0.8439720224883346,0.7607999466460991,0.7778418557364533,2309993.6941056913,534004868.56248474
Mar-18-2022,0.7394088042906599,0.8321540320071267,0.7362573271434778,0.7607999466460991,2023422.986391129,508095468.0293053
Mar-17-2022,0.7164779771500248,0.7460737990455089,0.6983633846394612,0.7394088042906599,1273860.8939732143,473312913.1506764
Mar-16-2022,0.710200160861468,0.7234066634844479,0.6961337264130164,0.7177094264054393,1676110.1198630137,468734016.5366132
Mar-15-2022,0.700111380372281,0.735756234606159,0.6786066445799979,0.711682777378214,1156266.0222081218,461863728.38558155
Mar-14-2022,0.7044756535744228,0.727334388883797,0.6976735921890418,0.7007397511314986,1196032.5335820895,468091663.82840735
Mar-13-2022,0.7111359618455306,0.7192039025127014,0.7030439871348384,0.7038142517710911,1352104.407868526,468945144.4728196
Mar-12-2022,0.7117793619720632,0.725920273122056,0.7026381495979223,0.7108119022729925,1641338.83008658,471945421.4834187
Mar-11-2022,0.7143995424274482,0.7307248899428118,0.7017212113627503,0.7134348131047449,2463426.018382353,473517252.56760234
Mar-10-2022,0.7481799111731604,0.7488807886094775,0.7054556507265215,0.7143995424274482,2528157.3290094337,478953215.6686746
Mar-09-2022,0.7580063491509693,0.7631223088980181,0.715705300211525,0.7487085248401276,3204885.988247863,495538132.4045425
Mar-08-2022,0.7386961392542305,0.7761768445231921,0.7271849756826289,0.7562415596845029,2894999.8336864407,492886718.4929778
Mar-07-2022,0.736334172414722,0.7641670621806561,0.7165629576367173,0.7378928790959521,3777593.603603604,488720518.9076645
Mar-06-2022,0.7569348985745367,0.7742034653425531,0.7152614426967364,0.7370430785010391,3164156.9098360655,496199049.8042377
Mar-05-2022,0.8115864682953928,0.8115864682953928,0.7369921875838296,0.7569348985745367,3791975.6628440367,507881682.8654879
Mar-04-2022,0.7817401540763517,0.8475857203905662,0.7576338337003256,0.8251358026034025,4343630.997747748,522006266.8626009
Mar-03-2022,0.865529860161247,0.9190560496075164,0.7325160407407676,0.786798482678704,6538614.524074074,527970878.7002966
Mar-02-2022,0.7205351017499038,0.8637582412559919,0.7001868247821572,0.8637582412559919,3428384.3492063493,490765119.94674605
Mar-01-2022,0.7272631252839876,0.7915626094460904,0.694801747600821,0.7205351017499038,3945346.1320564514,476845274.66827863
Feb-28-2022,0.7612009782481717,0.8098536783234862,0.7211971818757881,0.7288743754683941,4379603.5,512635554.34813285
Feb-27-2022,0.7928724224390401,0.8066715202922967,0.7379783288588443,0.7595992804431394,3250163.431352459,513781455.78183603
Feb-26-2022,0.795942323802306,0.8081249805605186,0.7495347827323351,0.7928724224390401,3051969.9826086955,515001001.1925781
Feb-25-2022,0.8828068742371602,0.905409813338829,0.7875260573426442,0.795942323802306,3144154.529288703,547354288.0940394
Feb-24-2022,0.802458535576141,0.8835363442811257,0.7616639090430771,0.8828068742371602,3397150.4375,542242598.0523068
Feb-23-2022,0.9245478523270318,0.9309504120653254,0.6930465092960292,0.8034299216452542,5790826.139676114,524162430.44883704
Feb-22-2022,0.8174406241704616,0.9559097065319796,0.7784374912886486,0.9196787667912936,4755611.630566802,575024342.6789626
Feb-21-2022,0.8864359642756758,0.8864359642756758,0.8170883454755598,0.8174406241704616,3918539.2199570816,563607908.9585413
Feb-20-2022,0.9518324407417084,0.9684013643055877,0.8862587632057812,0.8866450403631149,3963961.9198564594,613462344.9042886
Feb-19-2022,0.9805347738027692,1.0395584472362895,0.91091655872179,0.9496768547601828,4547435.1197478995,636715712.6010776
Feb-18-2022,1.0576096126520058,1.1250904939477748,0.9555289242770242,0.9805347738027692,6138992.46835443,691886572.78293
Feb-17-2022,1.2338489545392948,1.2338489545392948,1.0131253665846542,1.0576096126520058,9668398.437751004,737806684.8460456
Feb-16-2022,1.2023000153055916,1.2614277619316547,1.102501794557438,1.2316627781821068,7126623.054585153,770004972.8112252
Feb-15-2022,1.3014884176057686,1.3032998658996977,1.2010679692975923,1.2038193080681263,6199886.937229437,825190393.5762807
Feb-14-2022,1.2302504004971966,1.3053252695343875,1.2302504004971966,1.298655853635896,5800935.86695279,838801263.4362569
Feb-13-2022,1.2935677230719744,1.303460180386541,1.213430989087322,1.2375532879984357,4861346.98051948,824651318.3157699
Feb-12-2022,1.2972848684102527,1.3172705865243948,1.256600358261755,1.2940053103199436,5310404.533783784,854804041.8793808
Feb-11-2022,1.2347657815024595,1.3292820853768108,1.2237036790374485,1.3001221836793784,6236700.802521008,834587907.3034084
Feb-10-2022,1.3102476422662912,1.3627060949635723,1.2454697851236198,1.2479199436947928,6568379.679824562,876059436.2081954
Feb-09-2022,1.3543259433176784,1.4044709176938257,1.2985735256228312,1.314939752067133,7614381.1857798165,906301816.1140057
Feb-08-2022,1.3516040692886129,1.3686574310461,1.3403682048469303,1.354511209640683,7019650.004830918,899280914.7801595
Feb-07-2022,1.2943442923289046,1.3609438437413068,1.2943442923289046,1.3509029658551048,6980502.989711934,885078315.4267128
Feb-06-2022,1.330805080253336,1.3587619163250706,1.2938583670845267,1.2943442923289046,6239746.738738739,875116144.0887884
Feb-05-2022,1.28596476868678,1.3443844482824394,1.28596476868678,1.330805080253336,5673412.521428571,867189936.9024315
Feb-04-2022,1.2632985071461351,1.2974855715101874,1.2457497031024236,1.28582043325363,5931954.366525424,847481688.9684492
Feb-03-2022,1.2100442691512925,1.2699286995571146,1.2017315806249045,1.2632985071461351,5764723.292735043,817797901.1658547
Feb-02-2022,1.2475546611326611,1.2516396146821265,1.2071278589856025,1.2100442691512925,6568779.055555556,813404888.7787147
Feb-01-2022,1.2028456016114848,1.294601929026863,1.1750593417113075,1.2444184799829283,6053062.6496063,828551560.9859132
Jan-31-2022,1.2785038206338188,1.3133055531197368,1.1943296178624097,1.203567070753504,5118342.71,839373769.7362115
Jan-30-2022,1.3933121780527489,1.3933121780527489,1.2697269154820825,1.2736335685492777,5617578.961382113,867966903.7942005
Jan-29-2022,1.292800890557697,1.4418112100259497,1.290237689309408,1.390041357953538,6288995.518656717,907507157.8818194
Jan-28-2022,1.2770932390014014,1.417853048697185,1.2277717709648062,1.289351625165801,6945195.285714285,860356415.399111
Jan-27-2022,1.1970500602678364,1.3031374325884943,1.1656566075967367,1.2802888006769089,6001001.581589958,814373553.170607
Jan-26-2022,1.253711535638652,1.3157309975815383,1.1009884479498246,1.17881797349653,6727550.413385827,809037736.1366805
Jan-25-2022,1.405777736683981,1.4063103500226375,1.2208810983105267,1.253711535638652,6762672.811507937,861398378.5156977
Jan-24-2022,1.207207571897148,1.459232102012863,1.160543406707037,1.4059795531032335,8045367.358490566,861038902.5723513
Jan-23-2022,1.3211747135369256,1.386367176942949,0.9681403935635228,1.2052929631238247,7537065.54527559,767777363.7430372
Jan-22-2022,1.4445314398564617,1.4757484167476531,1.297445440498147,1.3195654558889356,7390524.869565218,907239029.2913115
Jan-21-2022,1.5635971648809126,1.6008005115685615,1.2110066186593436,1.44138781724472,9974175.952941176,939379175.058804
Jan-20-2022,1.8724157809950768,1.8755593063110172,1.5230333341453868,1.551922768079547,11389045.901098901,1088024674.6834025
Jan-19-2022,2.0195687288780007,2.1219303473973605,1.8121887245898405,1.856326494586387,8849356.385461954,1286628961.0066307
Jan-18-2022,2.289354320288934,2.289354320288934,1.9954686180897474,2.020049634261033,8403397.941128526,1388360172.6814942
Jan-17-2022,2.182677150446515,2.336128400175383,2.0196911903818804,2.289354320288934,9467420.43832954,1401503537.7405624
Jan-16-2022,2.6207201359829764,2.6432644100890053,2.1712119294236203,2.182677150446515,10910559.910556406,1588304811.443145
Jan-15-2022,2.951640703473754,3.0964611106536335,2.6207201359829764,2.6207201359829764,17506065.651619744,1805218103.2898288
Jan-14-2022,2.4771617975288054,2.951640703473754,2.4771617975288054,2.951640703473754,14927209.519680679,0
Jan-13-2022,2.3118775835129597,2.4771617975288054,2.2906786309854046,2.4771617975288054,10186430.15362979,0
Jan-12-2022,2.2838871632539557,2.4132492122368703,2.2089286695296817,2.3118775835129597,13207969.253606558,0
Jan-11-2022,1.9834871395568139,2.3954732048886704,1.929036042011453,2.2838871632539557,4032206.478560435,0